{
 "info": {
  "title": "http://orders.sock-shop",
  "version": "0.0"
 },
 "openapi": "3.0.2",
 "paths": {
  "/orders": {
   "parameters": [],
   "post": {
    "operationId": "84e30e54-9a5c-42d2-b051-67acbadd0172",
    "parameters": [
     {
      "in": "header",
      "name": "accept",
      "required": false,
      "schema": {
       "enum": [
        "application/json"
       ],
       "type": "string"
      }
     }
    ],
    "requestBody": {
     "content": {
      "application/json": {
       "schema": {
        "properties": {
         "address": {
          "type": "string"
         },
         "card": {
          "type": "string"
         },
         "customer": {
          "type": "string"
         },
         "items": {
          "type": "string"
         }
        },
        "required": [
         "address",
         "card",
         "customer",
         "items"
        ],
        "type": "object"
       }
      }
     },
     "required": true
    },
    "responses": {
     "201": {
      "content": {
       "application/json": {
        "example": {
         "address": {
          "city": "Glasgow",
          "country": "United Kingdom",
          "id": null,
          "number": "246",
          "postcode": "G67 3DL",
          "street": "Whitelees Road"
         },
         "card": {
          "ccv": "958",
          "expires": "08/19",
          "id": null,
          "longNum": "5544154011345918"
         },
         "customer": {
          "addresses": [],
          "cards": [],
          "firstName": "User",
          "id": null,
          "lastName": "Name",
          "username": "user"
         },
         "customerId": "57a98d98e4b00679b4a830b2",
         "date": "2021-04-26T16:52:17.364+0000",
         "id": "6086efc1005c8e00071a97b3",
         "items": [
          {
           "id": "6086ef9b7d560d0007416a48",
           "itemId": "3395a43e-2d88-40de-b95f-e00e1502085b",
           "quantity": 1,
           "unitPrice": 18.0
          }
         ],
         "shipment": {
          "id": "e88b7962-29be-4204-89e6-8214deae5695",
          "name": "57a98d98e4b00679b4a830b2"
         },
         "total": 22.99
        },
        "schema": {
         "properties": {
          "address": {
           "properties": {
            "city": {
             "type": "string"
            },
            "country": {
             "type": "string"
            },
            "id": {},
            "number": {
             "type": "string"
            },
            "postcode": {
             "type": "string"
            },
            "street": {
             "type": "string"
            }
           },
           "required": [
            "city",
            "country",
            "id",
            "number",
            "postcode",
            "street"
           ],
           "type": "object"
          },
          "card": {
           "properties": {
            "ccv": {
             "type": "string"
            },
            "expires": {
             "type": "string"
            },
            "id": {},
            "longNum": {
             "type": "string"
            }
           },
           "required": [
            "ccv",
            "expires",
            "id",
            "longNum"
           ],
           "type": "object"
          },
          "customer": {
           "properties": {
            "addresses": {
             "items": {},
             "type": "array"
            },
            "cards": {
             "items": {},
             "type": "array"
            },
            "firstName": {
             "type": "string"
            },
            "id": {},
            "lastName": {
             "type": "string"
            },
            "username": {
             "type": "string"
            }
           },
           "required": [
            "addresses",
            "cards",
            "firstName",
            "id",
            "lastName",
            "username"
           ],
           "type": "object"
          },
          "customerId": {
           "type": "string"
          },
          "date": {
           "type": "string"
          },
          "id": {
           "type": "string"
          },
          "items": {
           "items": {
            "properties": {
             "id": {
              "type": "string"
             },
             "itemId": {
              "type": "string"
             },
             "quantity": {
              "type": "integer"
             },
             "unitPrice": {
              "type": "number"
             }
            },
            "required": [
             "id",
             "itemId",
             "quantity",
             "unitPrice"
            ],
            "type": "object"
           },
           "type": "array"
          },
          "shipment": {
           "properties": {
            "id": {
             "type": "string"
            },
            "name": {
             "type": "string"
            }
           },
           "required": [
            "id",
            "name"
           ],
           "type": "object"
          },
          "total": {
           "type": "number"
          }
         },
         "required": [
          "address",
          "card",
          "customer",
          "customerId",
          "date",
          "id",
          "items",
          "shipment",
          "total"
         ],
         "type": "object"
        }
       }
      },
      "description": "Created"
     }
    },
    "summary": "Seen 26 requests",
    "tags": [
     "orders"
    ]
   }
  },
  "/orders/search/customerId": {
   "get": {
    "operationId": "c2e1e08d-95c7-425e-b3c6-71d3aaa028b2",
    "parameters": [
     {
      "in": "query",
      "name": "custId",
      "required": true,
      "schema": {
       "enum": [
        "57a98d98e4b00679b4a830b2"
       ],
       "type": "string"
      }
     },
     {
      "in": "query",
      "name": "sort",
      "required": true,
      "schema": {
       "enum": [
        "date"
       ],
       "type": "string"
      }
     }
    ],
    "responses": {
     "200": {
      "content": {
       "application/json": {
        "example": {
         "_embedded": {
          "customerOrders": [
           {
            "_links": {
             "order": {
              "href": "http://orders/orders/6086ecdb005c8e00071a9792"
             },
             "self": {
              "href": "http://orders/orders/6086ecdb005c8e00071a9792"
             }
            },
            "address": {
             "city": "Glasgow",
             "country": "United Kingdom",
             "number": "246",
             "postcode": "G67 3DL",
             "street": "Whitelees Road"
            },
            "card": {
             "ccv": "958",
             "expires": "08/19",
             "longNum": "5544154011345918"
            },
            "customer": {
             "addresses": [],
             "cards": [],
             "firstName": "User",
             "lastName": "Name",
             "username": "user"
            },
            "customerId": "57a98d98e4b00679b4a830b2",
            "date": "2021-04-26T16:39:55.168+0000",
            "items": [
             {
              "itemId": "510a0d7e-8e83-4193-b483-e27e09ddc34d",
              "quantity": 1,
              "unitPrice": 15.0
             },
             {
              "itemId": "a0a4f044-b040-410d-8ead-4de0446aec7e",
              "quantity": 1,
              "unitPrice": 7.99
             },
             {
              "itemId": "819e1fbf-8b7e-4f6d-811f-693534916a8b",
              "quantity": 1,
              "unitPrice": 14.0
             },
             {
              "itemId": "837ab141-399e-4c1f-9abc-bace40296bac",
              "quantity": 1,
              "unitPrice": 15.0
             }
            ],
            "shipment": {
             "name": "57a98d98e4b00679b4a830b2"
            },
            "total": 56.979996
           },
           {
            "_links": {
             "order": {
              "href": "http://orders/orders/6086ecd9005c8e00071a9784"
             },
             "self": {
              "href": "http://orders/orders/6086ecd9005c8e00071a9784"
             }
            },
            "address": {
             "city": "Glasgow",
             "country": "United Kingdom",
             "number": "246",
             "postcode": "G67 3DL",
             "street": "Whitelees Road"
            },
            "card": {
             "ccv": "958",
             "expires": "08/19",
             "longNum": "5544154011345918"
            },
            "customer": {
             "addresses": [],
             "cards": [],
             "firstName": "User",
             "lastName": "Name",
             "username": "user"
            },
            "customerId": "57a98d98e4b00679b4a830b2",
            "date": "2021-04-26T16:39:52.463+0000",
            "items": [
             {
              "itemId": "510a0d7e-8e83-4193-b483-e27e09ddc34d",
              "quantity": 1,
              "unitPrice": 15.0
             },
             {
              "itemId": "a0a4f044-b040-410d-8ead-4de0446aec7e",
              "quantity": 1,
              "unitPrice": 7.99
             }
            ],
            "shipment": {
             "name": "57a98d98e4b00679b4a830b2"
            },
            "total": 27.98
           },
           {
            "_links": {
             "order": {
              "href": "http://orders/orders/6086ecdb005c8e00071a9791"
             },
             "self": {
              "href": "http://orders/orders/6086ecdb005c8e00071a9791"
             }
            },
            "address": {
             "city": "Glasgow",
             "country": "United Kingdom",
             "number": "246",
             "postcode": "G67 3DL",
             "street": "Whitelees Road"
            },
            "card": {
             "ccv": "958",
             "expires": "08/19",
             "longNum": "5544154011345918"
            },
            "customer": {
             "addresses": [],
             "cards": [],
             "firstName": "User",
             "lastName": "Name",
             "username": "user"
            },
            "customerId": "57a98d98e4b00679b4a830b2",
            "date": "2021-04-26T16:39:55.069+0000",
            "items": [
             {
              "itemId": "510a0d7e-8e83-4193-b483-e27e09ddc34d",
              "quantity": 1,
              "unitPrice": 15.0
             },
             {
              "itemId": "a0a4f044-b040-410d-8ead-4de0446aec7e",
              "quantity": 1,
              "unitPrice": 7.99
             },
             {
              "itemId": "819e1fbf-8b7e-4f6d-811f-693534916a8b",
              "quantity": 1,
              "unitPrice": 14.0
             },
             {
              "itemId": "837ab141-399e-4c1f-9abc-bace40296bac",
              "quantity": 1,
              "unitPrice": 15.0
             }
            ],
            "shipment": {
             "name": "57a98d98e4b00679b4a830b2"
            },
            "total": 56.979996
           },
           {
            "_links": {
             "order": {
              "href": "http://orders/orders/6086ecdc005c8e00071a9795"
             },
             "self": {
              "href": "http://orders/orders/6086ecdc005c8e00071a9795"
             }
            },
            "address": {
             "city": "Glasgow",
             "country": "United Kingdom",
             "number": "246",
             "postcode": "G67 3DL",
             "street": "Whitelees Road"
            },
            "card": {
             "ccv": "958",
             "expires": "08/19",
             "longNum": "5544154011345918"
            },
            "customer": {
             "addresses": [],
             "cards": [],
             "firstName": "User",
             "lastName": "Name",
             "username": "user"
            },
            "customerId": "57a98d98e4b00679b4a830b2",
            "date": "2021-04-26T16:39:55.978+0000",
            "items": [],
            "shipment": {
             "name": "57a98d98e4b00679b4a830b2"
            },
            "total": 4.99
           },
           {
            "_links": {
             "order": {
              "href": "http://orders/orders/6086ecdb005c8e00071a9790"
             },
             "self": {
              "href": "http://orders/orders/6086ecdb005c8e00071a9790"
             }
            },
            "address": {
             "city": "Glasgow",
             "country": "United Kingdom",
             "number": "246",
             "postcode": "G67 3DL",
             "street": "Whitelees Road"
            },
            "card": {
             "ccv": "958",
             "expires": "08/19",
             "longNum": "5544154011345918"
            },
            "customer": {
             "addresses": [],
             "cards": [],
             "firstName": "User",
             "lastName": "Name",
             "username": "user"
            },
            "customerId": "57a98d98e4b00679b4a830b2",
            "date": "2021-04-26T16:39:55.072+0000",
            "items": [
             {
              "itemId": "510a0d7e-8e83-4193-b483-e27e09ddc34d",
              "quantity": 1,
              "unitPrice": 15.0
             },
             {
              "itemId": "a0a4f044-b040-410d-8ead-4de0446aec7e",
              "quantity": 1,
              "unitPrice": 7.99
             },
             {
              "itemId": "819e1fbf-8b7e-4f6d-811f-693534916a8b",
              "quantity": 1,
              "unitPrice": 14.0
             },
             {
              "itemId": "837ab141-399e-4c1f-9abc-bace40296bac",
              "quantity": 1,
              "unitPrice": 15.0
             }
            ],
            "shipment": {
             "name": "57a98d98e4b00679b4a830b2"
            },
            "total": 56.979996
           },
           {
            "_links": {
             "order": {
              "href": "http://orders/orders/6086ecda005c8e00071a978c"
             },
             "self": {
              "href": "http://orders/orders/6086ecda005c8e00071a978c"
             }
            },
            "address": {
             "city": "Glasgow",
             "country": "United Kingdom",
             "number": "246",
             "postcode": "G67 3DL",
             "street": "Whitelees Road"
            },
            "card": {
             "ccv": "958",
             "expires": "08/19",
             "longNum": "5544154011345918"
            },
            "customer": {
             "addresses": [],
             "cards": [],
             "firstName": "User",
             "lastName": "Name",
             "username": "user"
            },
            "customerId": "57a98d98e4b00679b4a830b2",
            "date": "2021-04-26T16:39:52.771+0000",
            "items": [
             {
              "itemId": "510a0d7e-8e83-4193-b483-e27e09ddc34d",
              "quantity": 1,
              "unitPrice": 15.0
             },
             {
              "itemId": "a0a4f044-b040-410d-8ead-4de0446aec7e",
              "quantity": 1,
              "unitPrice": 7.99
             },
             {
              "itemId": "819e1fbf-8b7e-4f6d-811f-693534916a8b",
              "quantity": 1,
              "unitPrice": 14.0
             },
             {
              "itemId": "837ab141-399e-4c1f-9abc-bace40296bac",
              "quantity": 1,
              "unitPrice": 15.0
             }
            ],
            "shipment": {
             "name": "57a98d98e4b00679b4a830b2"
            },
            "total": 56.979996
           },
           {
            "_links": {
             "order": {
              "href": "http://orders/orders/6086ecd9005c8e00071a9786"
             },
             "self": {
              "href": "http://orders/orders/6086ecd9005c8e00071a9786"
             }
            },
            "address": {
             "city": "Glasgow",
             "country": "United Kingdom",
             "number": "246",
             "postcode": "G67 3DL",
             "street": "Whitelees Road"
            },
            "card": {
             "ccv": "958",
             "expires": "08/19",
             "longNum": "5544154011345918"
            },
            "customer": {
             "addresses": [],
             "cards": [],
             "firstName": "User",
             "lastName": "Name",
             "username": "user"
            },
            "customerId": "57a98d98e4b00679b4a830b2",
            "date": "2021-04-26T16:39:50.969+0000",
            "items": [
             {
              "itemId": "d3588630-ad8e-49df-bbd7-3167f7efb246",
              "quantity": 1,
              "unitPrice": 10.99
             }
            ],
            "shipment": {
             "name": "57a98d98e4b00679b4a830b2"
            },
            "total": 15.98
           },
           {
            "_links": {
             "order": {
              "href": "http://orders/orders/6086ecda005c8e00071a9789"
             },
             "self": {
              "href": "http://orders/orders/6086ecda005c8e00071a9789"
             }
            },
            "address": {
             "city": "Glasgow",
             "country": "United Kingdom",
             "number": "246",
             "postcode": "G67 3DL",
             "street": "Whitelees Road"
            },
            "card": {
             "ccv": "958",
             "expires": "08/19",
             "longNum": "5544154011345918"
            },
            "customer": {
             "addresses": [],
             "cards": [],
             "firstName": "User",
             "lastName": "Name",
             "username": "user"
            },
            "customerId": "57a98d98e4b00679b4a830b2",
            "date": "2021-04-26T16:39:54.070+0000",
            "items": [
             {
              "itemId": "510a0d7e-8e83-4193-b483-e27e09ddc34d",
              "quantity": 1,
              "unitPrice": 15.0
             }
            ],
            "shipment": {
             "name": "57a98d98e4b00679b4a830b2"
            },
            "total": 19.99
           },
           {
            "_links": {
             "order": {
              "href": "http://orders/orders/6086ecd9005c8e00071a9788"
             },
             "self": {
              "href": "http://orders/orders/6086ecd9005c8e00071a9788"
             }
            },
            "address": {
             "city": "Glasgow",
             "country": "United Kingdom",
             "number": "246",
             "postcode": "G67 3DL",
             "street": "Whitelees Road"
            },
            "card": {
             "ccv": "958",
             "expires": "08/19",
             "longNum": "5544154011345918"
            },
            "customer": {
             "addresses": [],
             "cards": [],
             "firstName": "User",
             "lastName": "Name",
             "username": "user"
            },
            "customerId": "57a98d98e4b00679b4a830b2",
            "date": "2021-04-26T16:39:50.863+0000",
            "items": [
             {
              "itemId": "d3588630-ad8e-49df-bbd7-3167f7efb246",
              "quantity": 1,
              "unitPrice": 10.99
             }
            ],
            "shipment": {
             "name": "57a98d98e4b00679b4a830b2"
            },
            "total": 15.98
           },
           {
            "_links": {
             "order": {
              "href": "http://orders/orders/6086ecda005c8e00071a978d"
             },
             "self": {
              "href": "http://orders/orders/6086ecda005c8e00071a978d"
             }
            },
            "address": {
             "city": "Glasgow",
             "country": "United Kingdom",
             "number": "246",
             "postcode": "G67 3DL",
             "street": "Whitelees Road"
            },
            "card": {
             "ccv": "958",
             "expires": "08/19",
             "longNum": "5544154011345918"
            },
            "customer": {
             "addresses": [],
             "cards": [],
             "firstName": "User",
             "lastName": "Name",
             "username": "user"
            },
            "customerId": "57a98d98e4b00679b4a830b2",
            "date": "2021-04-26T16:39:53.978+0000",
            "items": [
             {
              "itemId": "510a0d7e-8e83-4193-b483-e27e09ddc34d",
              "quantity": 1,
              "unitPrice": 15.0
             },
             {
              "itemId": "a0a4f044-b040-410d-8ead-4de0446aec7e",
              "quantity": 1,
              "unitPrice": 7.99
             },
             {
              "itemId": "819e1fbf-8b7e-4f6d-811f-693534916a8b",
              "quantity": 1,
              "unitPrice": 14.0
             },
             {
              "itemId": "837ab141-399e-4c1f-9abc-bace40296bac",
              "quantity": 1,
              "unitPrice": 15.0
             }
            ],
            "shipment": {
             "name": "57a98d98e4b00679b4a830b2"
            },
            "total": 56.979996
           },
           {
            "_links": {
             "order": {
              "href": "http://orders/orders/6086ecda005c8e00071a978b"
             },
             "self": {
              "href": "http://orders/orders/6086ecda005c8e00071a978b"
             }
            },
            "address": {
             "city": "Glasgow",
             "country": "United Kingdom",
             "number": "246",
             "postcode": "G67 3DL",
             "street": "Whitelees Road"
            },
            "card": {
             "ccv": "958",
             "expires": "08/19",
             "longNum": "5544154011345918"
            },
            "customer": {
             "addresses": [],
             "cards": [],
             "firstName": "User",
             "lastName": "Name",
             "username": "user"
            },
            "customerId": "57a98d98e4b00679b4a830b2",
            "date": "2021-04-26T16:39:54.157+0000",
            "items": [
             {
              "itemId": "510a0d7e-8e83-4193-b483-e27e09ddc34d",
              "quantity": 1,
              "unitPrice": 15.0
             },
             {
              "itemId": "a0a4f044-b040-410d-8ead-4de0446aec7e",
              "quantity": 1,
              "unitPrice": 7.99
             },
             {
              "itemId": "819e1fbf-8b7e-4f6d-811f-693534916a8b",
              "quantity": 1,
              "unitPrice": 14.0
             },
             {
              "itemId": "837ab141-399e-4c1f-9abc-bace40296bac",
              "quantity": 1,
              "unitPrice": 15.0
             }
            ],
            "shipment": {
             "name": "57a98d98e4b00679b4a830b2"
            },
            "total": 56.979996
           },
           {
            "_links": {
             "order": {
              "href": "http://orders/orders/6086ecd9005c8e00071a9787"
             },
             "self": {
              "href": "http://orders/orders/6086ecd9005c8e00071a9787"
             }
            },
            "address": {
             "city": "Glasgow",
             "country": "United Kingdom",
             "number": "246",
             "postcode": "G67 3DL",
             "street": "Whitelees Road"
            },
            "card": {
             "ccv": "958",
             "expires": "08/19",
             "longNum": "5544154011345918"
            },
            "customer": {
             "addresses": [],
             "cards": [],
             "firstName": "User",
             "lastName": "Name",
             "username": "user"
            },
            "customerId": "57a98d98e4b00679b4a830b2",
            "date": "2021-04-26T16:39:52.759+0000",
            "items": [
             {
              "itemId": "510a0d7e-8e83-4193-b483-e27e09ddc34d",
              "quantity": 1,
              "unitPrice": 15.0
             },
             {
              "itemId": "a0a4f044-b040-410d-8ead-4de0446aec7e",
              "quantity": 1,
              "unitPrice": 7.99
             },
             {
              "itemId": "819e1fbf-8b7e-4f6d-811f-693534916a8b",
              "quantity": 1,
              "unitPrice": 14.0
             }
            ],
            "shipment": {
             "name": "57a98d98e4b00679b4a830b2"
            },
            "total": 41.979996
           },
           {
            "_links": {
             "order": {
              "href": "http://orders/orders/6086ecdc005c8e00071a9796"
             },
             "self": {
              "href": "http://orders/orders/6086ecdc005c8e00071a9796"
             }
            },
            "address": {
             "city": "Glasgow",
             "country": "United Kingdom",
             "number": "246",
             "postcode": "G67 3DL",
             "street": "Whitelees Road"
            },
            "card": {
             "ccv": "958",
             "expires": "08/19",
             "longNum": "5544154011345918"
            },
            "customer": {
             "addresses": [],
             "cards": [],
             "firstName": "User",
             "lastName": "Name",
             "username": "user"
            },
            "customerId": "57a98d98e4b00679b4a830b2",
            "date": "2021-04-26T16:39:56.661+0000",
            "items": [],
            "shipment": {
             "name": "57a98d98e4b00679b4a830b2"
            },
            "total": 4.99
           },
           {
            "_links": {
             "order": {
              "href": "http://orders/orders/6086ecd9005c8e00071a9783"
             },
             "self": {
              "href": "http://orders/orders/6086ecd9005c8e00071a9783"
             }
            },
            "address": {
             "city": "Glasgow",
             "country": "United Kingdom",
             "number": "246",
             "postcode": "G67 3DL",
             "street": "Whitelees Road"
            },
            "card": {
             "ccv": "958",
             "expires": "08/19",
             "longNum": "5544154011345918"
            },
            "customer": {
             "addresses": [],
             "cards": [],
             "firstName": "User",
             "lastName": "Name",
             "username": "user"
            },
            "customerId": "57a98d98e4b00679b4a830b2",
            "date": "2021-04-26T16:39:52.370+0000",
            "items": [
             {
              "itemId": "510a0d7e-8e83-4193-b483-e27e09ddc34d",
              "quantity": 1,
              "unitPrice": 15.0
             }
            ],
            "shipment": {
             "name": "57a98d98e4b00679b4a830b2"
            },
            "total": 19.99
           },
           {
            "_links": {
             "order": {
              "href": "http://orders/orders/6086ecda005c8e00071a978e"
             },
             "self": {
              "href": "http://orders/orders/6086ecda005c8e00071a978e"
             }
            },
            "address": {
             "city": "Glasgow",
             "country": "United Kingdom",
             "number": "246",
             "postcode": "G67 3DL",
             "street": "Whitelees Road"
            },
            "card": {
             "ccv": "958",
             "expires": "08/19",
             "longNum": "5544154011345918"
            },
            "customer": {
             "addresses": [],
             "cards": [],
             "firstName": "User",
             "lastName": "Name",
             "username": "user"
            },
            "customerId": "57a98d98e4b00679b4a830b2",
            "date": "2021-04-26T16:39:54.961+0000",
            "items": [
             {
              "itemId": "510a0d7e-8e83-4193-b483-e27e09ddc34d",
              "quantity": 1,
              "unitPrice": 15.0
             },
             {
              "itemId": "a0a4f044-b040-410d-8ead-4de0446aec7e",
              "quantity": 1,
              "unitPrice": 7.99
             },
             {
              "itemId": "819e1fbf-8b7e-4f6d-811f-693534916a8b",
              "quantity": 1,
              "unitPrice": 14.0
             }
            ],
            "shipment": {
             "name": "57a98d98e4b00679b4a830b2"
            },
            "total": 41.979996
           },
           {
            "_links": {
             "order": {
              "href": "http://orders/orders/6086ecda005c8e00071a978a"
             },
             "self": {
              "href": "http://orders/orders/6086ecda005c8e00071a978a"
             }
            },
            "address": {
             "city": "Glasgow",
             "country": "United Kingdom",
             "number": "246",
             "postcode": "G67 3DL",
             "street": "Whitelees Road"
            },
            "card": {
             "ccv": "958",
             "expires": "08/19",
             "longNum": "5544154011345918"
            },
            "customer": {
             "addresses": [],
             "cards": [],
             "firstName": "User",
             "lastName": "Name",
             "username": "user"
            },
            "customerId": "57a98d98e4b00679b4a830b2",
            "date": "2021-04-26T16:39:54.080+0000",
            "items": [
             {
              "itemId": "510a0d7e-8e83-4193-b483-e27e09ddc34d",
              "quantity": 1,
              "unitPrice": 15.0
             },
             {
              "itemId": "a0a4f044-b040-410d-8ead-4de0446aec7e",
              "quantity": 1,
              "unitPrice": 7.99
             },
             {
              "itemId": "819e1fbf-8b7e-4f6d-811f-693534916a8b",
              "quantity": 1,
              "unitPrice": 14.0
             },
             {
              "itemId": "837ab141-399e-4c1f-9abc-bace40296bac",
              "quantity": 1,
              "unitPrice": 15.0
             }
            ],
            "shipment": {
             "name": "57a98d98e4b00679b4a830b2"
            },
            "total": 56.979996
           },
           {
            "_links": {
             "order": {
              "href": "http://orders/orders/6086ecd9005c8e00071a9785"
             },
             "self": {
              "href": "http://orders/orders/6086ecd9005c8e00071a9785"
             }
            },
            "address": {
             "city": "Glasgow",
             "country": "United Kingdom",
             "number": "246",
             "postcode": "G67 3DL",
             "street": "Whitelees Road"
            },
            "card": {
             "ccv": "958",
             "expires": "08/19",
             "longNum": "5544154011345918"
            },
            "customer": {
             "addresses": [],
             "cards": [],
             "firstName": "User",
             "lastName": "Name",
             "username": "user"
            },
            "customerId": "57a98d98e4b00679b4a830b2",
            "date": "2021-04-26T16:39:52.677+0000",
            "items": [
             {
              "itemId": "510a0d7e-8e83-4193-b483-e27e09ddc34d",
              "quantity": 1,
              "unitPrice": 15.0
             },
             {
              "itemId": "a0a4f044-b040-410d-8ead-4de0446aec7e",
              "quantity": 1,
              "unitPrice": 7.99
             },
             {
              "itemId": "819e1fbf-8b7e-4f6d-811f-693534916a8b",
              "quantity": 1,
              "unitPrice": 14.0
             }
            ],
            "shipment": {
             "name": "57a98d98e4b00679b4a830b2"
            },
            "total": 41.979996
           },
           {
            "_links": {
             "order": {
              "href": "http://orders/orders/6086ecdb005c8e00071a9794"
             },
             "self": {
              "href": "http://orders/orders/6086ecdb005c8e00071a9794"
             }
            },
            "address": {
             "city": "Glasgow",
             "country": "United Kingdom",
             "number": "246",
             "postcode": "G67 3DL",
             "street": "Whitelees Road"
            },
            "card": {
             "ccv": "958",
             "expires": "08/19",
             "longNum": "5544154011345918"
            },
            "customer": {
             "addresses": [],
             "cards": [],
             "firstName": "User",
             "lastName": "Name",
             "username": "user"
            },
            "customerId": "57a98d98e4b00679b4a830b2",
            "date": "2021-04-26T16:39:55.962+0000",
            "items": [
             {
              "itemId": "zzz4f044-b040-410d-8ead-4de0446aec7e",
              "quantity": 1,
              "unitPrice": 12.0
             }
            ],
            "shipment": {
             "name": "57a98d98e4b00679b4a830b2"
            },
            "total": 16.99
           },
           {
            "_links": {
             "order": {
              "href": "http://orders/orders/6086ecdb005c8e00071a9793"
             },
             "self": {
              "href": "http://orders/orders/6086ecdb005c8e00071a9793"
             }
            },
            "address": {
             "city": "Glasgow",
             "country": "United Kingdom",
             "number": "246",
             "postcode": "G67 3DL",
             "street": "Whitelees Road"
            },
            "card": {
             "ccv": "958",
             "expires": "08/19",
             "longNum": "5544154011345918"
            },
            "customer": {
             "addresses": [],
             "cards": [],
             "firstName": "User",
             "lastName": "Name",
             "username": "user"
            },
            "customerId": "57a98d98e4b00679b4a830b2",
            "date": "2021-04-26T16:39:55.956+0000",
            "items": [],
            "shipment": {
             "name": "57a98d98e4b00679b4a830b2"
            },
            "total": 4.99
           },
           {
            "_links": {
             "order": {
              "href": "http://orders/orders/6086ecda005c8e00071a978f"
             },
             "self": {
              "href": "http://orders/orders/6086ecda005c8e00071a978f"
             }
            },
            "address": {
             "city": "Glasgow",
             "country": "United Kingdom",
             "number": "246",
             "postcode": "G67 3DL",
             "street": "Whitelees Road"
            },
            "card": {
             "ccv": "958",
             "expires": "08/19",
             "longNum": "5544154011345918"
            },
            "customer": {
             "addresses": [],
             "cards": [],
             "firstName": "User",
             "lastName": "Name",
             "username": "user"
            },
            "customerId": "57a98d98e4b00679b4a830b2",
            "date": "2021-04-26T16:39:54.083+0000",
            "items": [
             {
              "itemId": "510a0d7e-8e83-4193-b483-e27e09ddc34d",
              "quantity": 1,
              "unitPrice": 15.0
             },
             {
              "itemId": "a0a4f044-b040-410d-8ead-4de0446aec7e",
              "quantity": 1,
              "unitPrice": 7.99
             },
             {
              "itemId": "819e1fbf-8b7e-4f6d-811f-693534916a8b",
              "quantity": 1,
              "unitPrice": 14.0
             },
             {
              "itemId": "837ab141-399e-4c1f-9abc-bace40296bac",
              "quantity": 1,
              "unitPrice": 15.0
             }
            ],
            "shipment": {
             "name": "57a98d98e4b00679b4a830b2"
            },
            "total": 56.979996
           },
           {
            "_links": {
             "order": {
              "href": "http://orders/orders/6086ece0005c8e00071a9797"
             },
             "self": {
              "href": "http://orders/orders/6086ece0005c8e00071a9797"
             }
            },
            "address": {
             "city": "Glasgow",
             "country": "United Kingdom",
             "number": "246",
             "postcode": "G67 3DL",
             "street": "Whitelees Road"
            },
            "card": {
             "ccv": "958",
             "expires": "08/19",
             "longNum": "5544154011345918"
            },
            "customer": {
             "addresses": [],
             "cards": [],
             "firstName": "User",
             "lastName": "Name",
             "username": "user"
            },
            "customerId": "57a98d98e4b00679b4a830b2",
            "date": "2021-04-26T16:40:00.056+0000",
            "items": [],
            "shipment": {
             "name": "57a98d98e4b00679b4a830b2"
            },
            "total": 4.99
           },
           {
            "_links": {
             "order": {
              "href": "http://orders/orders/6086ece0005c8e00071a9798"
             },
             "self": {
              "href": "http://orders/orders/6086ece0005c8e00071a9798"
             }
            },
            "address": {
             "city": "Glasgow",
             "country": "United Kingdom",
             "number": "246",
             "postcode": "G67 3DL",
             "street": "Whitelees Road"
            },
            "card": {
             "ccv": "958",
             "expires": "08/19",
             "longNum": "5544154011345918"
            },
            "customer": {
             "addresses": [],
             "cards": [],
             "firstName": "User",
             "lastName": "Name",
             "username": "user"
            },
            "customerId": "57a98d98e4b00679b4a830b2",
            "date": "2021-04-26T16:40:00.373+0000",
            "items": [],
            "shipment": {
             "name": "57a98d98e4b00679b4a830b2"
            },
            "total": 4.99
           },
           {
            "_links": {
             "order": {
              "href": "http://orders/orders/6086ece0005c8e00071a9799"
             },
             "self": {
              "href": "http://orders/orders/6086ece0005c8e00071a9799"
             }
            },
            "address": {
             "city": "Glasgow",
             "country": "United Kingdom",
             "number": "246",
             "postcode": "G67 3DL",
             "street": "Whitelees Road"
            },
            "card": {
             "ccv": "958",
             "expires": "08/19",
             "longNum": "5544154011345918"
            },
            "customer": {
             "addresses": [],
             "cards": [],
             "firstName": "User",
             "lastName": "Name",
             "username": "user"
            },
            "customerId": "57a98d98e4b00679b4a830b2",
            "date": "2021-04-26T16:40:00.383+0000",
            "items": [],
            "shipment": {
             "name": "57a98d98e4b00679b4a830b2"
            },
            "total": 4.99
           },
           {
            "_links": {
             "order": {
              "href": "http://orders/orders/6086ece0005c8e00071a979a"
             },
             "self": {
              "href": "http://orders/orders/6086ece0005c8e00071a979a"
             }
            },
            "address": {
             "city": "Glasgow",
             "country": "United Kingdom",
             "number": "246",
             "postcode": "G67 3DL",
             "street": "Whitelees Road"
            },
            "card": {
             "ccv": "958",
             "expires": "08/19",
             "longNum": "5544154011345918"
            },
            "customer": {
             "addresses": [],
             "cards": [],
             "firstName": "User",
             "lastName": "Name",
             "username": "user"
            },
            "customerId": "57a98d98e4b00679b4a830b2",
            "date": "2021-04-26T16:40:00.573+0000",
            "items": [],
            "shipment": {
             "name": "57a98d98e4b00679b4a830b2"
            },
            "total": 4.99
           },
           {
            "_links": {
             "order": {
              "href": "http://orders/orders/6086ece1005c8e00071a979c"
             },
             "self": {
              "href": "http://orders/orders/6086ece1005c8e00071a979c"
             }
            },
            "address": {
             "city": "Glasgow",
             "country": "United Kingdom",
             "number": "246",
             "postcode": "G67 3DL",
             "street": "Whitelees Road"
            },
            "card": {
             "ccv": "958",
             "expires": "08/19",
             "longNum": "5544154011345918"
            },
            "customer": {
             "addresses": [],
             "cards": [],
             "firstName": "User",
             "lastName": "Name",
             "username": "user"
            },
            "customerId": "57a98d98e4b00679b4a830b2",
            "date": "2021-04-26T16:40:01.366+0000",
            "items": [],
            "shipment": {
             "name": "57a98d98e4b00679b4a830b2"
            },
            "total": 4.99
           },
           {
            "_links": {
             "order": {
              "href": "http://orders/orders/6086ece1005c8e00071a979b"
             },
             "self": {
              "href": "http://orders/orders/6086ece1005c8e00071a979b"
             }
            },
            "address": {
             "city": "Glasgow",
             "country": "United Kingdom",
             "number": "246",
             "postcode": "G67 3DL",
             "street": "Whitelees Road"
            },
            "card": {
             "ccv": "958",
             "expires": "08/19",
             "longNum": "5544154011345918"
            },
            "customer": {
             "addresses": [],
             "cards": [],
             "firstName": "User",
             "lastName": "Name",
             "username": "user"
            },
            "customerId": "57a98d98e4b00679b4a830b2",
            "date": "2021-04-26T16:40:01.371+0000",
            "items": [],
            "shipment": {
             "name": "57a98d98e4b00679b4a830b2"
            },
            "total": 4.99
           },
           {
            "_links": {
             "order": {
              "href": "http://orders/orders/6086ece1005c8e00071a979d"
             },
             "self": {
              "href": "http://orders/orders/6086ece1005c8e00071a979d"
             }
            },
            "address": {
             "city": "Glasgow",
             "country": "United Kingdom",
             "number": "246",
             "postcode": "G67 3DL",
             "street": "Whitelees Road"
            },
            "card": {
             "ccv": "958",
             "expires": "08/19",
             "longNum": "5544154011345918"
            },
            "customer": {
             "addresses": [],
             "cards": [],
             "firstName": "User",
             "lastName": "Name",
             "username": "user"
            },
            "customerId": "57a98d98e4b00679b4a830b2",
            "date": "2021-04-26T16:40:01.664+0000",
            "items": [],
            "shipment": {
             "name": "57a98d98e4b00679b4a830b2"
            },
            "total": 4.99
           },
           {
            "_links": {
             "order": {
              "href": "http://orders/orders/6086ece2005c8e00071a979e"
             },
             "self": {
              "href": "http://orders/orders/6086ece2005c8e00071a979e"
             }
            },
            "address": {
             "city": "Glasgow",
             "country": "United Kingdom",
             "number": "246",
             "postcode": "G67 3DL",
             "street": "Whitelees Road"
            },
            "card": {
             "ccv": "958",
             "expires": "08/19",
             "longNum": "5544154011345918"
            },
            "customer": {
             "addresses": [],
             "cards": [],
             "firstName": "User",
             "lastName": "Name",
             "username": "user"
            },
            "customerId": "57a98d98e4b00679b4a830b2",
            "date": "2021-04-26T16:40:02.163+0000",
            "items": [],
            "shipment": {
             "name": "57a98d98e4b00679b4a830b2"
            },
            "total": 4.99
           },
           {
            "_links": {
             "order": {
              "href": "http://orders/orders/6086ece3005c8e00071a979f"
             },
             "self": {
              "href": "http://orders/orders/6086ece3005c8e00071a979f"
             }
            },
            "address": {
             "city": "Glasgow",
             "country": "United Kingdom",
             "number": "246",
             "postcode": "G67 3DL",
             "street": "Whitelees Road"
            },
            "card": {
             "ccv": "958",
             "expires": "08/19",
             "longNum": "5544154011345918"
            },
            "customer": {
             "addresses": [],
             "cards": [],
             "firstName": "User",
             "lastName": "Name",
             "username": "user"
            },
            "customerId": "57a98d98e4b00679b4a830b2",
            "date": "2021-04-26T16:40:03.566+0000",
            "items": [],
            "shipment": {
             "name": "57a98d98e4b00679b4a830b2"
            },
            "total": 4.99
           },
           {
            "_links": {
             "order": {
              "href": "http://orders/orders/6086ece3005c8e00071a97a0"
             },
             "self": {
              "href": "http://orders/orders/6086ece3005c8e00071a97a0"
             }
            },
            "address": {
             "city": "Glasgow",
             "country": "United Kingdom",
             "number": "246",
             "postcode": "G67 3DL",
             "street": "Whitelees Road"
            },
            "card": {
             "ccv": "958",
             "expires": "08/19",
             "longNum": "5544154011345918"
            },
            "customer": {
             "addresses": [],
             "cards": [],
             "firstName": "User",
             "lastName": "Name",
             "username": "user"
            },
            "customerId": "57a98d98e4b00679b4a830b2",
            "date": "2021-04-26T16:40:03.580+0000",
            "items": [
             {
              "itemId": "zzz4f044-b040-410d-8ead-4de0446aec7e",
              "quantity": 1,
              "unitPrice": 12.0
             }
            ],
            "shipment": {
             "name": "57a98d98e4b00679b4a830b2"
            },
            "total": 16.99
           },
           {
            "_links": {
             "order": {
              "href": "http://orders/orders/6086ece3005c8e00071a97a1"
             },
             "self": {
              "href": "http://orders/orders/6086ece3005c8e00071a97a1"
             }
            },
            "address": {
             "city": "Glasgow",
             "country": "United Kingdom",
             "number": "246",
             "postcode": "G67 3DL",
             "street": "Whitelees Road"
            },
            "card": {
             "ccv": "958",
             "expires": "08/19",
             "longNum": "5544154011345918"
            },
            "customer": {
             "addresses": [],
             "cards": [],
             "firstName": "User",
             "lastName": "Name",
             "username": "user"
            },
            "customerId": "57a98d98e4b00679b4a830b2",
            "date": "2021-04-26T16:40:03.973+0000",
            "items": [],
            "shipment": {
             "name": "57a98d98e4b00679b4a830b2"
            },
            "total": 4.99
           },
           {
            "_links": {
             "order": {
              "href": "http://orders/orders/6086ece4005c8e00071a97a2"
             },
             "self": {
              "href": "http://orders/orders/6086ece4005c8e00071a97a2"
             }
            },
            "address": {
             "city": "Glasgow",
             "country": "United Kingdom",
             "number": "246",
             "postcode": "G67 3DL",
             "street": "Whitelees Road"
            },
            "card": {
             "ccv": "958",
             "expires": "08/19",
             "longNum": "5544154011345918"
            },
            "customer": {
             "addresses": [],
             "cards": [],
             "firstName": "User",
             "lastName": "Name",
             "username": "user"
            },
            "customerId": "57a98d98e4b00679b4a830b2",
            "date": "2021-04-26T16:40:04.961+0000",
            "items": [
             {
              "itemId": "808a2de1-1aaa-4c25-a9b9-6612e8f29a38",
              "quantity": 1,
              "unitPrice": 17.32
             },
             {
              "itemId": "510a0d7e-8e83-4193-b483-e27e09ddc34d",
              "quantity": 1,
              "unitPrice": 15.0
             }
            ],
            "shipment": {
             "name": "57a98d98e4b00679b4a830b2"
            },
            "total": 37.309998
           },
           {
            "_links": {
             "order": {
              "href": "http://orders/orders/6086ece5005c8e00071a97a3"
             },
             "self": {
              "href": "http://orders/orders/6086ece5005c8e00071a97a3"
             }
            },
            "address": {
             "city": "Glasgow",
             "country": "United Kingdom",
             "number": "246",
             "postcode": "G67 3DL",
             "street": "Whitelees Road"
            },
            "card": {
             "ccv": "958",
             "expires": "08/19",
             "longNum": "5544154011345918"
            },
            "customer": {
             "addresses": [],
             "cards": [],
             "firstName": "User",
             "lastName": "Name",
             "username": "user"
            },
            "customerId": "57a98d98e4b00679b4a830b2",
            "date": "2021-04-26T16:40:05.183+0000",
            "items": [],
            "shipment": {
             "name": "57a98d98e4b00679b4a830b2"
            },
            "total": 4.99
           },
           {
            "_links": {
             "order": {
              "href": "http://orders/orders/6086ece5005c8e00071a97a4"
             },
             "self": {
              "href": "http://orders/orders/6086ece5005c8e00071a97a4"
             }
            },
            "address": {
             "city": "Glasgow",
             "country": "United Kingdom",
             "number": "246",
             "postcode": "G67 3DL",
             "street": "Whitelees Road"
            },
            "card": {
             "ccv": "958",
             "expires": "08/19",
             "longNum": "5544154011345918"
            },
            "customer": {
             "addresses": [],
             "cards": [],
             "firstName": "User",
             "lastName": "Name",
             "username": "user"
            },
            "customerId": "57a98d98e4b00679b4a830b2",
            "date": "2021-04-26T16:40:05.464+0000",
            "items": [],
            "shipment": {
             "name": "57a98d98e4b00679b4a830b2"
            },
            "total": 4.99
           },
           {
            "_links": {
             "order": {
              "href": "http://orders/orders/6086ece5005c8e00071a97a5"
             },
             "self": {
              "href": "http://orders/orders/6086ece5005c8e00071a97a5"
             }
            },
            "address": {
             "city": "Glasgow",
             "country": "United Kingdom",
             "number": "246",
             "postcode": "G67 3DL",
             "street": "Whitelees Road"
            },
            "card": {
             "ccv": "958",
             "expires": "08/19",
             "longNum": "5544154011345918"
            },
            "customer": {
             "addresses": [],
             "cards": [],
             "firstName": "User",
             "lastName": "Name",
             "username": "user"
            },
            "customerId": "57a98d98e4b00679b4a830b2",
            "date": "2021-04-26T16:40:05.461+0000",
            "items": [
             {
              "itemId": "837ab141-399e-4c1f-9abc-bace40296bac",
              "quantity": 1,
              "unitPrice": 15.0
             }
            ],
            "shipment": {
             "name": "57a98d98e4b00679b4a830b2"
            },
            "total": 19.99
           },
           {
            "_links": {
             "order": {
              "href": "http://orders/orders/6086ece5005c8e00071a97a6"
             },
             "self": {
              "href": "http://orders/orders/6086ece5005c8e00071a97a6"
             }
            },
            "address": {
             "city": "Glasgow",
             "country": "United Kingdom",
             "number": "246",
             "postcode": "G67 3DL",
             "street": "Whitelees Road"
            },
            "card": {
             "ccv": "958",
             "expires": "08/19",
             "longNum": "5544154011345918"
            },
            "customer": {
             "addresses": [],
             "cards": [],
             "firstName": "User",
             "lastName": "Name",
             "username": "user"
            },
            "customerId": "57a98d98e4b00679b4a830b2",
            "date": "2021-04-26T16:40:05.481+0000",
            "items": [],
            "shipment": {
             "name": "57a98d98e4b00679b4a830b2"
            },
            "total": 4.99
           },
           {
            "_links": {
             "order": {
              "href": "http://orders/orders/6086ece5005c8e00071a97a7"
             },
             "self": {
              "href": "http://orders/orders/6086ece5005c8e00071a97a7"
             }
            },
            "address": {
             "city": "Glasgow",
             "country": "United Kingdom",
             "number": "246",
             "postcode": "G67 3DL",
             "street": "Whitelees Road"
            },
            "card": {
             "ccv": "958",
             "expires": "08/19",
             "longNum": "5544154011345918"
            },
            "customer": {
             "addresses": [],
             "cards": [],
             "firstName": "User",
             "lastName": "Name",
             "username": "user"
            },
            "customerId": "57a98d98e4b00679b4a830b2",
            "date": "2021-04-26T16:40:05.572+0000",
            "items": [],
            "shipment": {
             "name": "57a98d98e4b00679b4a830b2"
            },
            "total": 4.99
           },
           {
            "_links": {
             "order": {
              "href": "http://orders/orders/6086ece5005c8e00071a97a8"
             },
             "self": {
              "href": "http://orders/orders/6086ece5005c8e00071a97a8"
             }
            },
            "address": {
             "city": "Glasgow",
             "country": "United Kingdom",
             "number": "246",
             "postcode": "G67 3DL",
             "street": "Whitelees Road"
            },
            "card": {
             "ccv": "958",
             "expires": "08/19",
             "longNum": "5544154011345918"
            },
            "customer": {
             "addresses": [],
             "cards": [],
             "firstName": "User",
             "lastName": "Name",
             "username": "user"
            },
            "customerId": "57a98d98e4b00679b4a830b2",
            "date": "2021-04-26T16:40:05.572+0000",
            "items": [],
            "shipment": {
             "name": "57a98d98e4b00679b4a830b2"
            },
            "total": 4.99
           },
           {
            "_links": {
             "order": {
              "href": "http://orders/orders/6086ece5005c8e00071a97a9"
             },
             "self": {
              "href": "http://orders/orders/6086ece5005c8e00071a97a9"
             }
            },
            "address": {
             "city": "Glasgow",
             "country": "United Kingdom",
             "number": "246",
             "postcode": "G67 3DL",
             "street": "Whitelees Road"
            },
            "card": {
             "ccv": "958",
             "expires": "08/19",
             "longNum": "5544154011345918"
            },
            "customer": {
             "addresses": [],
             "cards": [],
             "firstName": "User",
             "lastName": "Name",
             "username": "user"
            },
            "customerId": "57a98d98e4b00679b4a830b2",
            "date": "2021-04-26T16:40:05.678+0000",
            "items": [],
            "shipment": {
             "name": "57a98d98e4b00679b4a830b2"
            },
            "total": 4.99
           },
           {
            "_links": {
             "order": {
              "href": "http://orders/orders/6086ece5005c8e00071a97aa"
             },
             "self": {
              "href": "http://orders/orders/6086ece5005c8e00071a97aa"
             }
            },
            "address": {
             "city": "Glasgow",
             "country": "United Kingdom",
             "number": "246",
             "postcode": "G67 3DL",
             "street": "Whitelees Road"
            },
            "card": {
             "ccv": "958",
             "expires": "08/19",
             "longNum": "5544154011345918"
            },
            "customer": {
             "addresses": [],
             "cards": [],
             "firstName": "User",
             "lastName": "Name",
             "username": "user"
            },
            "customerId": "57a98d98e4b00679b4a830b2",
            "date": "2021-04-26T16:40:05.757+0000",
            "items": [],
            "shipment": {
             "name": "57a98d98e4b00679b4a830b2"
            },
            "total": 4.99
           },
           {
            "_links": {
             "order": {
              "href": "http://orders/orders/6086ece5005c8e00071a97ab"
             },
             "self": {
              "href": "http://orders/orders/6086ece5005c8e00071a97ab"
             }
            },
            "address": {
             "city": "Glasgow",
             "country": "United Kingdom",
             "number": "246",
             "postcode": "G67 3DL",
             "street": "Whitelees Road"
            },
            "card": {
             "ccv": "958",
             "expires": "08/19",
             "longNum": "5544154011345918"
            },
            "customer": {
             "addresses": [],
             "cards": [],
             "firstName": "User",
             "lastName": "Name",
             "username": "user"
            },
            "customerId": "57a98d98e4b00679b4a830b2",
            "date": "2021-04-26T16:40:05.774+0000",
            "items": [
             {
              "itemId": "d3588630-ad8e-49df-bbd7-3167f7efb246",
              "quantity": 1,
              "unitPrice": 10.99
             },
             {
              "itemId": "d3588630-ad8e-49df-bbd7-3167f7efb246",
              "quantity": 1,
              "unitPrice": 10.99
             },
             {
              "itemId": "819e1fbf-8b7e-4f6d-811f-693534916a8b",
              "quantity": 1,
              "unitPrice": 14.0
             },
             {
              "itemId": "zzz4f044-b040-410d-8ead-4de0446aec7e",
              "quantity": 1,
              "unitPrice": 12.0
             }
            ],
            "shipment": {
             "name": "57a98d98e4b00679b4a830b2"
            },
            "total": 52.97
           },
           {
            "_links": {
             "order": {
              "href": "http://orders/orders/6086ece5005c8e00071a97ac"
             },
             "self": {
              "href": "http://orders/orders/6086ece5005c8e00071a97ac"
             }
            },
            "address": {
             "city": "Glasgow",
             "country": "United Kingdom",
             "number": "246",
             "postcode": "G67 3DL",
             "street": "Whitelees Road"
            },
            "card": {
             "ccv": "958",
             "expires": "08/19",
             "longNum": "5544154011345918"
            },
            "customer": {
             "addresses": [],
             "cards": [],
             "firstName": "User",
             "lastName": "Name",
             "username": "user"
            },
            "customerId": "57a98d98e4b00679b4a830b2",
            "date": "2021-04-26T16:40:05.966+0000",
            "items": [],
            "shipment": {
             "name": "57a98d98e4b00679b4a830b2"
            },
            "total": 4.99
           },
           {
            "_links": {
             "order": {
              "href": "http://orders/orders/6086ece6005c8e00071a97ad"
             },
             "self": {
              "href": "http://orders/orders/6086ece6005c8e00071a97ad"
             }
            },
            "address": {
             "city": "Glasgow",
             "country": "United Kingdom",
             "number": "246",
             "postcode": "G67 3DL",
             "street": "Whitelees Road"
            },
            "card": {
             "ccv": "958",
             "expires": "08/19",
             "longNum": "5544154011345918"
            },
            "customer": {
             "addresses": [],
             "cards": [],
             "firstName": "User",
             "lastName": "Name",
             "username": "user"
            },
            "customerId": "57a98d98e4b00679b4a830b2",
            "date": "2021-04-26T16:40:06.492+0000",
            "items": [
             {
              "itemId": "d3588630-ad8e-49df-bbd7-3167f7efb246",
              "quantity": 1,
              "unitPrice": 10.99
             },
             {
              "itemId": "d3588630-ad8e-49df-bbd7-3167f7efb246",
              "quantity": 1,
              "unitPrice": 10.99
             },
             {
              "itemId": "819e1fbf-8b7e-4f6d-811f-693534916a8b",
              "quantity": 1,
              "unitPrice": 14.0
             },
             {
              "itemId": "zzz4f044-b040-410d-8ead-4de0446aec7e",
              "quantity": 1,
              "unitPrice": 12.0
             }
            ],
            "shipment": {
             "name": "57a98d98e4b00679b4a830b2"
            },
            "total": 52.97
           },
           {
            "_links": {
             "order": {
              "href": "http://orders/orders/6086ef30005c8e00071a97ae"
             },
             "self": {
              "href": "http://orders/orders/6086ef30005c8e00071a97ae"
             }
            },
            "address": {
             "city": "Glasgow",
             "country": "United Kingdom",
             "number": "246",
             "postcode": "G67 3DL",
             "street": "Whitelees Road"
            },
            "card": {
             "ccv": "958",
             "expires": "08/19",
             "longNum": "5544154011345918"
            },
            "customer": {
             "addresses": [],
             "cards": [],
             "firstName": "User",
             "lastName": "Name",
             "username": "user"
            },
            "customerId": "57a98d98e4b00679b4a830b2",
            "date": "2021-04-26T16:49:52.578+0000",
            "items": [
             {
              "itemId": "d3588630-ad8e-49df-bbd7-3167f7efb246",
              "quantity": 1,
              "unitPrice": 10.99
             },
             {
              "itemId": "d3588630-ad8e-49df-bbd7-3167f7efb246",
              "quantity": 1,
              "unitPrice": 10.99
             },
             {
              "itemId": "819e1fbf-8b7e-4f6d-811f-693534916a8b",
              "quantity": 1,
              "unitPrice": 14.0
             },
             {
              "itemId": "zzz4f044-b040-410d-8ead-4de0446aec7e",
              "quantity": 1,
              "unitPrice": 12.0
             },
             {
              "itemId": "3395a43e-2d88-40de-b95f-e00e1502085b",
              "quantity": 1,
              "unitPrice": 18.0
             }
            ],
            "shipment": {
             "name": "57a98d98e4b00679b4a830b2"
            },
            "total": 70.96999
           },
           {
            "_links": {
             "order": {
              "href": "http://orders/orders/6086ef30005c8e00071a97af"
             },
             "self": {
              "href": "http://orders/orders/6086ef30005c8e00071a97af"
             }
            },
            "address": {
             "city": "Glasgow",
             "country": "United Kingdom",
             "number": "246",
             "postcode": "G67 3DL",
             "street": "Whitelees Road"
            },
            "card": {
             "ccv": "958",
             "expires": "08/19",
             "longNum": "5544154011345918"
            },
            "customer": {
             "addresses": [],
             "cards": [],
             "firstName": "User",
             "lastName": "Name",
             "username": "user"
            },
            "customerId": "57a98d98e4b00679b4a830b2",
            "date": "2021-04-26T16:49:52.856+0000",
            "items": [
             {
              "itemId": "d3588630-ad8e-49df-bbd7-3167f7efb246",
              "quantity": 1,
              "unitPrice": 10.99
             },
             {
              "itemId": "d3588630-ad8e-49df-bbd7-3167f7efb246",
              "quantity": 1,
              "unitPrice": 10.99
             },
             {
              "itemId": "819e1fbf-8b7e-4f6d-811f-693534916a8b",
              "quantity": 1,
              "unitPrice": 14.0
             },
             {
              "itemId": "zzz4f044-b040-410d-8ead-4de0446aec7e",
              "quantity": 1,
              "unitPrice": 12.0
             },
             {
              "itemId": "3395a43e-2d88-40de-b95f-e00e1502085b",
              "quantity": 1,
              "unitPrice": 18.0
             }
            ],
            "shipment": {
             "name": "57a98d98e4b00679b4a830b2"
            },
            "total": 70.96999
           },
           {
            "_links": {
             "order": {
              "href": "http://orders/orders/6086ef30005c8e00071a97b0"
             },
             "self": {
              "href": "http://orders/orders/6086ef30005c8e00071a97b0"
             }
            },
            "address": {
             "city": "Glasgow",
             "country": "United Kingdom",
             "number": "246",
             "postcode": "G67 3DL",
             "street": "Whitelees Road"
            },
            "card": {
             "ccv": "958",
             "expires": "08/19",
             "longNum": "5544154011345918"
            },
            "customer": {
             "addresses": [],
             "cards": [],
             "firstName": "User",
             "lastName": "Name",
             "username": "user"
            },
            "customerId": "57a98d98e4b00679b4a830b2",
            "date": "2021-04-26T16:49:52.988+0000",
            "items": [],
            "shipment": {
             "name": "57a98d98e4b00679b4a830b2"
            },
            "total": 4.99
           },
           {
            "_links": {
             "order": {
              "href": "http://orders/orders/6086ef31005c8e00071a97b1"
             },
             "self": {
              "href": "http://orders/orders/6086ef31005c8e00071a97b1"
             }
            },
            "address": {
             "city": "Glasgow",
             "country": "United Kingdom",
             "number": "246",
             "postcode": "G67 3DL",
             "street": "Whitelees Road"
            },
            "card": {
             "ccv": "958",
             "expires": "08/19",
             "longNum": "5544154011345918"
            },
            "customer": {
             "addresses": [],
             "cards": [],
             "firstName": "User",
             "lastName": "Name",
             "username": "user"
            },
            "customerId": "57a98d98e4b00679b4a830b2",
            "date": "2021-04-26T16:49:53.177+0000",
            "items": [],
            "shipment": {
             "name": "57a98d98e4b00679b4a830b2"
            },
            "total": 4.99
           },
           {
            "_links": {
             "order": {
              "href": "http://orders/orders/6086ef31005c8e00071a97b2"
             },
             "self": {
              "href": "http://orders/orders/6086ef31005c8e00071a97b2"
             }
            },
            "address": {
             "city": "Glasgow",
             "country": "United Kingdom",
             "number": "246",
             "postcode": "G67 3DL",
             "street": "Whitelees Road"
            },
            "card": {
             "ccv": "958",
             "expires": "08/19",
             "longNum": "5544154011345918"
            },
            "customer": {
             "addresses": [],
             "cards": [],
             "firstName": "User",
             "lastName": "Name",
             "username": "user"
            },
            "customerId": "57a98d98e4b00679b4a830b2",
            "date": "2021-04-26T16:49:53.379+0000",
            "items": [],
            "shipment": {
             "name": "57a98d98e4b00679b4a830b2"
            },
            "total": 4.99
           },
           {
            "_links": {
             "order": {
              "href": "http://orders/orders/6086efc1005c8e00071a97b3"
             },
             "self": {
              "href": "http://orders/orders/6086efc1005c8e00071a97b3"
             }
            },
            "address": {
             "city": "Glasgow",
             "country": "United Kingdom",
             "number": "246",
             "postcode": "G67 3DL",
             "street": "Whitelees Road"
            },
            "card": {
             "ccv": "958",
             "expires": "08/19",
             "longNum": "5544154011345918"
            },
            "customer": {
             "addresses": [],
             "cards": [],
             "firstName": "User",
             "lastName": "Name",
             "username": "user"
            },
            "customerId": "57a98d98e4b00679b4a830b2",
            "date": "2021-04-26T16:52:17.364+0000",
            "items": [
             {
              "itemId": "3395a43e-2d88-40de-b95f-e00e1502085b",
              "quantity": 1,
              "unitPrice": 18.0
             }
            ],
            "shipment": {
             "name": "57a98d98e4b00679b4a830b2"
            },
            "total": 22.99
           }
          ]
         },
         "_links": {
          "self": {
           "href": "http://orders/orders/search/customerId?sort=date&custId=57a98d98e4b00679b4a830b2"
          }
         }
        },
        "schema": {
         "properties": {
          "_embedded": {
           "properties": {
            "customerOrders": {
             "items": {
              "properties": {
               "_links": {
                "properties": {
                 "order": {
                  "properties": {
                   "href": {
                    "type": "string"
                   }
                  },
                  "required": [
                   "href"
                  ],
                  "type": "object"
                 },
                 "self": {
                  "properties": {
                   "href": {
                    "type": "string"
                   }
                  },
                  "required": [
                   "href"
                  ],
                  "type": "object"
                 }
                },
                "required": [
                 "order",
                 "self"
                ],
                "type": "object"
               },
               "address": {
                "properties": {
                 "city": {
                  "type": "string"
                 },
                 "country": {
                  "type": "string"
                 },
                 "number": {
                  "type": "string"
                 },
                 "postcode": {
                  "type": "string"
                 },
                 "street": {
                  "type": "string"
                 }
                },
                "required": [
                 "city",
                 "country",
                 "number",
                 "postcode",
                 "street"
                ],
                "type": "object"
               },
               "card": {
                "properties": {
                 "ccv": {
                  "type": "string"
                 },
                 "expires": {
                  "type": "string"
                 },
                 "longNum": {
                  "type": "string"
                 }
                },
                "required": [
                 "ccv",
                 "expires",
                 "longNum"
                ],
                "type": "object"
               },
               "customer": {
                "properties": {
                 "addresses": {
                  "items": {},
                  "type": "array"
                 },
                 "cards": {
                  "items": {},
                  "type": "array"
                 },
                 "firstName": {
                  "type": "string"
                 },
                 "lastName": {
                  "type": "string"
                 },
                 "username": {
                  "type": "string"
                 }
                },
                "required": [
                 "addresses",
                 "cards",
                 "firstName",
                 "lastName",
                 "username"
                ],
                "type": "object"
               },
               "customerId": {
                "type": "string"
               },
               "date": {
                "type": "string"
               },
               "items": {
                "items": {
                 "properties": {
                  "itemId": {
                   "type": "string"
                  },
                  "quantity": {
                   "type": "integer"
                  },
                  "unitPrice": {
                   "type": "number"
                  }
                 },
                 "required": [
                  "itemId",
                  "quantity",
                  "unitPrice"
                 ],
                 "type": "object"
                },
                "type": "array"
               },
               "shipment": {
                "properties": {
                 "name": {
                  "type": "string"
                 }
                },
                "required": [
                 "name"
                ],
                "type": "object"
               },
               "total": {
                "type": "number"
               }
              },
              "required": [
               "_links",
               "address",
               "card",
               "customer",
               "customerId",
               "date",
               "items",
               "shipment",
               "total"
              ],
              "type": "object"
             },
             "type": "array"
            }
           },
           "required": [
            "customerOrders"
           ],
           "type": "object"
          },
          "_links": {
           "properties": {
            "self": {
             "properties": {
              "href": {
               "type": "string"
              }
             },
             "required": [
              "href"
             ],
             "type": "object"
            }
           },
           "required": [
            "self"
           ],
           "type": "object"
          }
         },
         "required": [
          "_embedded",
          "_links"
         ],
         "type": "object"
        }
       }
      },
      "description": "OK"
     }
    },
    "summary": "Seen 2 requests",
    "tags": [
     "orders"
    ]
   },
   "parameters": []
  },
  "/orders/{id}": {
   "get": {
    "operationId": "ab1c9e7f-b98c-46c1-a29e-3f0b4edc2902",
    "parameters": [],
    "responses": {
     "200": {
      "content": {
       "application/json": {
        "example": {
         "_links": {
          "order": {
           "href": "http://orders/orders/6086ef31005c8e00071a97b2"
          },
          "self": {
           "href": "http://orders/orders/6086ef31005c8e00071a97b2"
          }
         },
         "address": {
          "city": "Glasgow",
          "country": "United Kingdom",
          "number": "246",
          "postcode": "G67 3DL",
          "street": "Whitelees Road"
         },
         "card": {
          "ccv": "958",
          "expires": "08/19",
          "longNum": "5544154011345918"
         },
         "customer": {
          "addresses": [],
          "cards": [],
          "firstName": "User",
          "lastName": "Name",
          "username": "user"
         },
         "customerId": "57a98d98e4b00679b4a830b2",
         "date": "2021-04-26T16:49:53.379+0000",
         "items": [],
         "shipment": {
          "name": "57a98d98e4b00679b4a830b2"
         },
         "total": 4.99
        },
        "schema": {
         "properties": {
          "_links": {
           "properties": {
            "order": {
             "properties": {
              "href": {
               "type": "string"
              }
             },
             "required": [
              "href"
             ],
             "type": "object"
            },
            "self": {
             "properties": {
              "href": {
               "type": "string"
              }
             },
             "required": [
              "href"
             ],
             "type": "object"
            }
           },
           "required": [
            "order",
            "self"
           ],
           "type": "object"
          },
          "address": {
           "properties": {
            "city": {
             "type": "string"
            },
            "country": {
             "type": "string"
            },
            "number": {
             "type": "string"
            },
            "postcode": {
             "type": "string"
            },
            "street": {
             "type": "string"
            }
           },
           "required": [
            "city",
            "country",
            "number",
            "postcode",
            "street"
           ],
           "type": "object"
          },
          "card": {
           "properties": {
            "ccv": {
             "type": "string"
            },
            "expires": {
             "type": "string"
            },
            "longNum": {
             "type": "string"
            }
           },
           "required": [
            "ccv",
            "expires",
            "longNum"
           ],
           "type": "object"
          },
          "customer": {
           "properties": {
            "addresses": {
             "items": {},
             "type": "array"
            },
            "cards": {
             "items": {},
             "type": "array"
            },
            "firstName": {
             "type": "string"
            },
            "lastName": {
             "type": "string"
            },
            "username": {
             "type": "string"
            }
           },
           "required": [
            "addresses",
            "cards",
            "firstName",
            "lastName",
            "username"
           ],
           "type": "object"
          },
          "customerId": {
           "type": "string"
          },
          "date": {
           "type": "string"
          },
          "items": {
           "items": {},
           "type": "array"
          },
          "shipment": {
           "properties": {
            "name": {
             "type": "string"
            }
           },
           "required": [
            "name"
           ],
           "type": "object"
          },
          "total": {
           "type": "number"
          }
         },
         "required": [
          "_links",
          "address",
          "card",
          "customer",
          "customerId",
          "date",
          "items",
          "shipment",
          "total"
         ],
         "type": "object"
        }
       }
      },
      "description": "OK"
     }
    },
    "summary": "Seen 2 requests",
    "tags": [
     "orders"
    ]
   },
   "parameters": [
    {
     "in": "path",
     "name": "id",
     "required": true,
     "schema": {
      "enum": [
       "6086ef31005c8e00071a97b2",
       "6086f03a005c8e00071a97b5"
      ],
      "type": "string"
     },
     "style": "simple"
    }
   ]
  }
 },
 "tags": [
  {
   "name": "orders"
  }
 ]
}