{
 "info": {
  "title": "http://shipping.sock-shop",
  "version": "0.0"
 },
 "openapi": "3.0.2",
 "paths": {
  "/shipping": {
   "parameters": [],
   "post": {
    "operationId": "3d754b7c-90f4-4baf-ae8a-a58dc0b1b849",
    "parameters": [
     {
      "in": "header",
      "name": "accept",
      "required": false,
      "schema": {
       "enum": [
        "application/json"
       ],
       "type": "string"
      }
     }
    ],
    "requestBody": {
     "content": {
      "application/json": {
       "schema": {
        "properties": {
         "id": {
          "type": "string"
         },
         "name": {
          "type": "string"
         }
        },
        "required": [
         "id",
         "name"
        ],
        "type": "object"
       }
      }
     },
     "required": true
    },
    "responses": {
     "201": {
      "content": {
       "application/json": {
        "example": {
         "id": "004d2147-d016-4eb4-8f8f-3ddb1aa6c5cf",
         "name": "57a98d98e4b00679b4a830b2"
        },
        "schema": {
         "properties": {
          "id": {
           "type": "string"
          },
          "name": {
           "type": "string"
          }
         },
         "required": [
          "id",
          "name"
         ],
         "type": "object"
        }
       }
      },
      "description": "Created"
     }
    },
    "summary": "Seen 27 requests"
   }
  }
 },
 "tags": []
}