{
 "info": {
  "title": "http://carts.sock-shop",
  "version": "0.0"
 },
 "openapi": "3.0.2",
 "paths": {
  "/carts/{customerId}": {
   "delete": {
    "operationId": "50ee0395-90d7-40fa-8c53-c3e92763f2de",
    "parameters": [],
    "responses": {
     "202": {
      "description": "Accepted"
     }
    },
    "summary": "Seen 86 requests",
    "tags": [
     "carts"
    ]
   },
   "parameters": [
    {
     "in": "path",
     "name": "customerId",
     "required": true,
     "schema": {
      "enum": [
       "57a98d98e4b00679b4a830b2",
       "okTyMwDdRoCm0IkeppGN7En5yrWK8-f9"
      ],
      "type": "string"
     },
     "style": "simple"
    }
   ]
  },
  "/carts/{customerId}/items": {
   "get": {
    "operationId": "f4fd8602-e605-412e-9574-0f1c4400a39b",
    "parameters": [
     {
      "in": "header",
      "name": "accept",
      "required": false,
      "schema": {
       "enum": [
        "application/json"
       ],
       "type": "string"
      }
     }
    ],
    "responses": {
     "200": {
      "content": {
       "application/json": {
        "example": [],
        "schema": {
         "items": {
          "properties": {
           "id": {
            "type": "string"
           },
           "itemId": {
            "type": "string"
           },
           "quantity": {
            "type": "integer"
           },
           "unitPrice": {
            "type": "number"
           }
          },
          "required": [
           "id",
           "itemId",
           "quantity",
           "unitPrice"
          ],
          "type": "object"
         },
         "type": "array"
        }
       }
      },
      "description": "OK"
     }
    },
    "summary": "Seen 64 requests",
    "tags": [
     "carts"
    ]
   },
   "parameters": [
    {
     "in": "path",
     "name": "customerId",
     "required": true,
     "schema": {
      "enum": [
       "57a98d98e4b00679b4a830b2",
       "okTyMwDdRoCm0IkeppGN7En5yrWK8-f9"
      ],
      "type": "string"
     },
     "style": "simple"
    }
   ],
   "patch": {
    "operationId": "69d6e8ba-15c2-40fa-8e43-77e5bb70ff7f",
    "parameters": [
     {
      "in": "header",
      "name": "accept",
      "required": false,
      "schema": {
       "enum": [
        "application/json"
       ],
       "type": "string"
      }
     }
    ],
    "requestBody": {
     "content": {
      "application/json": {
       "schema": {
        "properties": {
         "itemId": {
          "type": "string"
         },
         "quantity": {
          "type": "integer"
         },
         "unitPrice": {
          "type": "integer"
         }
        },
        "required": [
         "itemId",
         "quantity",
         "unitPrice"
        ],
        "type": "object"
       }
      }
     },
     "required": true
    },
    "responses": {
     "202": {
      "description": "Accepted"
     }
    },
    "summary": "Seen 2 requests",
    "tags": [
     "carts"
    ]
   },
   "post": {
    "operationId": "f71da605-cdb5-4395-b187-d7b39f29e3ff",
    "parameters": [
     {
      "in": "header",
      "name": "accept",
      "required": false,
      "schema": {
       "enum": [
        "application/json"
       ],
       "type": "string"
      }
     }
    ],
    "requestBody": {
     "content": {
      "application/json": {
       "schema": {
        "properties": {
         "itemId": {
          "type": "string"
         },
         "unitPrice": {
          "type": "number"
         }
        },
        "required": [
         "itemId",
         "unitPrice"
        ],
        "type": "object"
       }
      }
     },
     "required": true
    },
    "responses": {
     "201": {
      "content": {
       "application/json": {
        "example": {
         "id": "6088366c77490b0008014bfb",
         "itemId": "a0a4f044-b040-410d-8ead-4de0446aec7e",
         "quantity": 2,
         "unitPrice": 7.99
        },
        "schema": {
         "properties": {
          "id": {
           "type": "string"
          },
          "itemId": {
           "type": "string"
          },
          "quantity": {
           "type": "integer"
          },
          "unitPrice": {
           "type": "number"
          }
         },
         "required": [
          "id",
          "itemId",
          "quantity",
          "unitPrice"
         ],
         "type": "object"
        }
       }
      },
      "description": "Created"
     }
    },
    "summary": "Seen 37 requests",
    "tags": [
     "carts"
    ]
   }
  },
  "/carts/{customerId}/items/{itemId}": {
   "delete": {
    "operationId": "64fd4067-36d0-45ac-b4e5-abc786335ab5",
    "parameters": [],
    "responses": {
     "202": {
      "description": "Accepted"
     }
    },
    "summary": "Seen 1 requests",
    "tags": [
     "carts"
    ]
   },
   "parameters": [
    {
     "in": "path",
     "name": "customerId",
     "required": true,
     "schema": {
      "enum": [
       "57a98d98e4b00679b4a830b2",
       "okTyMwDdRoCm0IkeppGN7En5yrWK8-f9"
      ],
      "type": "string"
     },
     "style": "simple"
    },
    {
     "in": "path",
     "name": "itemId",
     "required": true,
     "schema": {
      "enum": [
       "03fef6ac-1896-4ce8-bd69-b798f85c6e0b"
      ],
      "type": "string"
     },
     "style": "simple"
    }
   ]
  },
  "/carts/{customerId}/merge": {
   "get": {
    "operationId": "787c6602-03ba-4419-a63d-67d883c8a0ee",
    "parameters": [
     {
      "in": "query",
      "name": "sessionId",
      "required": true,
      "schema": {
       "enum": [
        "y1C76dbkrUpD_4jufdYa77xtTrp6uoFE",
        "NFDvW-bJEdMs49uCqMcYLuNjqmuvQg8E",
        "kHs5OwGqhD-9wgoWZiNynqlVnHdZ-5db",
        "2lWhVxtMqpbb28gDC3CflP-FACKnsY0A",
        "zCcc7sHFyMqq5fss0G4nKIcMmhI9gRUO"
       ],
       "type": "string"
      }
     }
    ],
    "responses": {
     "202": {
      "description": "Accepted"
     }
    },
    "summary": "Seen 118 requests",
    "tags": [
     "carts"
    ]
   },
   "parameters": [
    {
     "in": "path",
     "name": "customerId",
     "required": true,
     "schema": {
      "enum": [
       "57a98d98e4b00679b4a830b2",
       "okTyMwDdRoCm0IkeppGN7En5yrWK8-f9"
      ],
      "type": "string"
     },
     "style": "simple"
    }
   ]
  }
 },
 "tags": [
  {
   "name": "carts"
  }
 ]
}