{
 "info": {
  "title": "http://payment.sock-shop",
  "version": "0.0"
 },
 "openapi": "3.0.2",
 "paths": {
  "/paymentAuth": {
   "parameters": [],
   "post": {
    "operationId": "ff31af43-a3b9-4e4e-850c-eed9379f1fdf",
    "parameters": [
     {
      "in": "header",
      "name": "accept",
      "required": false,
      "schema": {
       "enum": [
        "application/json"
       ],
       "type": "string"
      }
     }
    ],
    "requestBody": {
     "content": {
      "application/json": {
       "schema": {
        "properties": {
         "address": {
          "properties": {
           "city": {
            "type": "string"
           },
           "country": {
            "type": "string"
           },
           "id": {},
           "number": {
            "type": "string"
           },
           "postcode": {
            "type": "string"
           },
           "street": {
            "type": "string"
           }
          },
          "required": [
           "city",
           "country",
           "id",
           "number",
           "postcode",
           "street"
          ],
          "type": "object"
         },
         "amount": {
          "type": "number"
         },
         "card": {
          "properties": {
           "ccv": {
            "type": "string"
           },
           "expires": {
            "type": "string"
           },
           "id": {},
           "longNum": {
            "type": "string"
           }
          },
          "required": [
           "ccv",
           "expires",
           "id",
           "longNum"
          ],
          "type": "object"
         },
         "customer": {
          "properties": {
           "addresses": {
            "items": {},
            "type": "array"
           },
           "cards": {
            "items": {},
            "type": "array"
           },
           "firstName": {
            "type": "string"
           },
           "id": {},
           "lastName": {
            "type": "string"
           },
           "username": {
            "type": "string"
           }
          },
          "required": [
           "addresses",
           "cards",
           "firstName",
           "id",
           "lastName",
           "username"
          ],
          "type": "object"
         }
        },
        "required": [
         "address",
         "amount",
         "card",
         "customer"
        ],
        "type": "object"
       }
      }
     },
     "required": true
    },
    "responses": {
     "200": {
      "content": {
       "application/json": {
        "example": {
         "authorised": true,
         "message": "Payment authorised"
        },
        "schema": {
         "properties": {
          "authorised": {
           "type": "boolean"
          },
          "message": {
           "type": "string"
          }
         },
         "required": [
          "authorised",
          "message"
         ],
         "type": "object"
        }
       }
      },
      "description": "OK"
     }
    },
    "summary": "Seen 43 requests"
   }
  }
 },
 "tags": []
}