{
 "info": {
  "title": "kafka://kafka",
  "version": "0.0"
 },
 "openapi": "3.0.2",
 "paths": {
  "/shipping-task": {
   "parameters": [],
   "put": {
    "operationId": "de7e6a7f-c658-42bc-98ca-5a999b55a698",
    "parameters": [],
    "requestBody": {
     "content": {
      "application/json": {
       "schema": {
        "properties": {
         "id": {
          "type": "string"
         },
         "name": {
          "type": "string"
         }
        },
        "required": [
         "id",
         "name"
        ],
        "type": "object"
       }
      }
     },
     "required": true
    },
    "responses": {
     "202": {
      "description": "Accepted"
     }
    },
    "summary": "Seen 48 requests"
   }
  }
 },
 "tags": []
}