{
 "info": {
  "title": "http://user.sock-shop",
  "version": "0.0"
 },
 "openapi": "3.0.2",
 "paths": {
  "/addresses": {
   "parameters": [],
   "post": {
    "operationId": "402791a2-4a5e-49e7-b9e8-93769cab5836",
    "parameters": [
     {
      "in": "header",
      "name": "accept",
      "required": false,
      "schema": {
       "enum": [
        "application/json"
       ],
       "type": "string"
      }
     }
    ],
    "requestBody": {
     "content": {
      "application/json": {
       "schema": {
        "properties": {
         "city": {
          "type": "string"
         },
         "country": {
          "type": "string"
         },
         "number": {
          "type": "string"
         },
         "postcode": {
          "type": "string"
         },
         "street": {
          "type": "string"
         },
         "userID": {
          "type": "string"
         }
        },
        "required": [
         "city",
         "country",
         "number",
         "postcode",
         "street",
         "userID"
        ],
        "type": "object"
       }
      }
     },
     "required": true
    },
    "responses": {
     "200": {
      "content": {
       "application/json": {
        "example": {
         "id": "6086efaeb717fe00015391f9"
        },
        "schema": {
         "properties": {
          "id": {
           "type": "string"
          }
         },
         "required": [
          "id"
         ],
         "type": "object"
        }
       }
      },
      "description": "OK"
     }
    },
    "summary": "Seen 2 requests",
    "tags": [
     "addresses"
    ]
   }
  },
  "/addresses/{addresseId}": {
   "get": {
    "operationId": "b7636c89-9642-4484-bf4d-6d09b0db79a8",
    "parameters": [
     {
      "in": "header",
      "name": "accept",
      "required": false,
      "schema": {
       "enum": [
        "application/hal+json"
       ],
       "type": "string"
      }
     }
    ],
    "responses": {
     "200": {
      "content": {
       "application/json": {
        "example": {
         "_links": {
          "address": {
           "href": "http://user/addresses/57a98d98e4b00679b4a830b0"
          },
          "self": {
           "href": "http://user/addresses/57a98d98e4b00679b4a830b0"
          }
         },
         "city": "Glasgow",
         "country": "United Kingdom",
         "id": "57a98d98e4b00679b4a830b0",
         "number": "246",
         "postcode": "G67 3DL",
         "street": "Whitelees Road"
        },
        "schema": {
         "properties": {
          "_links": {
           "properties": {
            "address": {
             "properties": {
              "href": {
               "type": "string"
              }
             },
             "required": [
              "href"
             ],
             "type": "object"
            },
            "self": {
             "properties": {
              "href": {
               "type": "string"
              }
             },
             "required": [
              "href"
             ],
             "type": "object"
            }
           },
           "required": [
            "address",
            "self"
           ],
           "type": "object"
          },
          "city": {
           "type": "string"
          },
          "country": {
           "type": "string"
          },
          "id": {
           "type": "string"
          },
          "number": {
           "type": "string"
          },
          "postcode": {
           "type": "string"
          },
          "street": {
           "type": "string"
          }
         },
         "required": [
          "_links",
          "city",
          "country",
          "id",
          "number",
          "postcode",
          "street"
         ],
         "type": "object"
        }
       }
      },
      "description": "OK"
     }
    },
    "summary": "Seen 10 requests",
    "tags": [
     "addresses"
    ]
   },
   "parameters": [
    {
     "in": "path",
     "name": "addresseId",
     "required": true,
     "schema": {
      "enum": [
       "57a98d98e4b00679b4a830b0"
      ],
      "type": "string"
     },
     "style": "simple"
    }
   ]
  },
  "/cards/{cardId}": {
   "get": {
    "operationId": "b5356258-72fd-414c-8605-a48914364cee",
    "parameters": [
     {
      "in": "header",
      "name": "accept",
      "required": false,
      "schema": {
       "enum": [
        "application/hal+json"
       ],
       "type": "string"
      }
     }
    ],
    "responses": {
     "200": {
      "content": {
       "application/json": {
        "example": {
         "_links": {
          "card": {
           "href": "http://user/cards/57a98d98e4b00679b4a830b1"
          },
          "self": {
           "href": "http://user/cards/57a98d98e4b00679b4a830b1"
          }
         },
         "ccv": "958",
         "expires": "08/19",
         "id": "57a98d98e4b00679b4a830b1",
         "longNum": "5544154011345918"
        },
        "schema": {
         "properties": {
          "_links": {
           "properties": {
            "card": {
             "properties": {
              "href": {
               "type": "string"
              }
             },
             "required": [
              "href"
             ],
             "type": "object"
            },
            "self": {
             "properties": {
              "href": {
               "type": "string"
              }
             },
             "required": [
              "href"
             ],
             "type": "object"
            }
           },
           "required": [
            "card",
            "self"
           ],
           "type": "object"
          },
          "ccv": {
           "type": "string"
          },
          "expires": {
           "type": "string"
          },
          "id": {
           "type": "string"
          },
          "longNum": {
           "type": "string"
          }
         },
         "required": [
          "_links",
          "ccv",
          "expires",
          "id",
          "longNum"
         ],
         "type": "object"
        }
       }
      },
      "description": "OK"
     }
    },
    "summary": "Seen 10 requests"
   },
   "parameters": [
    {
     "in": "path",
     "name": "cardId",
     "required": true,
     "schema": {
      "enum": [
       "57a98d98e4b00679b4a830b1"
      ],
      "type": "string"
     },
     "style": "simple"
    }
   ]
  },
  "/customers/{customerId}": {
   "get": {
    "operationId": "8c605424-a0bc-4d51-bbdc-f147f5711c63",
    "parameters": [
     {
      "in": "header",
      "name": "accept",
      "required": false,
      "schema": {
       "enum": [
        "application/hal+json"
       ],
       "type": "string"
      }
     }
    ],
    "responses": {
     "200": {
      "content": {
       "application/json": {
        "example": {
         "_links": {
          "addresses": {
           "href": "http://user/customers/57a98d98e4b00679b4a830b2/addresses"
          },
          "cards": {
           "href": "http://user/customers/57a98d98e4b00679b4a830b2/cards"
          },
          "customer": {
           "href": "http://user/customers/57a98d98e4b00679b4a830b2"
          },
          "self": {
           "href": "http://user/customers/57a98d98e4b00679b4a830b2"
          }
         },
         "firstName": "User",
         "id": "57a98d98e4b00679b4a830b2",
         "lastName": "Name",
         "username": "user"
        },
        "schema": {
         "properties": {
          "_links": {
           "properties": {
            "addresses": {
             "properties": {
              "href": {
               "type": "string"
              }
             },
             "required": [
              "href"
             ],
             "type": "object"
            },
            "cards": {
             "properties": {
              "href": {
               "type": "string"
              }
             },
             "required": [
              "href"
             ],
             "type": "object"
            },
            "customer": {
             "properties": {
              "href": {
               "type": "string"
              }
             },
             "required": [
              "href"
             ],
             "type": "object"
            },
            "self": {
             "properties": {
              "href": {
               "type": "string"
              }
             },
             "required": [
              "href"
             ],
             "type": "object"
            }
           },
           "required": [
            "addresses",
            "cards",
            "customer",
            "self"
           ],
           "type": "object"
          },
          "firstName": {
           "type": "string"
          },
          "id": {
           "type": "string"
          },
          "lastName": {
           "type": "string"
          },
          "username": {
           "type": "string"
          }
         },
         "required": [
          "_links",
          "firstName",
          "id",
          "lastName",
          "username"
         ],
         "type": "object"
        }
       }
      },
      "description": "OK"
     }
    },
    "summary": "Seen 84 requests",
    "tags": [
     "customers"
    ]
   },
   "parameters": [
    {
     "in": "path",
     "name": "customerId",
     "required": true,
     "schema": {
      "enum": [
       "57a98d98e4b00679b4a830b2"
      ],
      "type": "string"
     },
     "style": "simple"
    }
   ]
  },
  "/customers/{customerId}/addresses": {
   "get": {
    "operationId": "449f6c12-9f4d-4ce3-8baf-6fe7b14ae9b9",
    "parameters": [],
    "responses": {
     "200": {
      "content": {
       "application/json": {
        "example": {
         "_embedded": {
          "address": [
           {
            "_links": {
             "address": {
              "href": "http://user/addresses/57a98d98e4b00679b4a830b0"
             },
             "self": {
              "href": "http://user/addresses/57a98d98e4b00679b4a830b0"
             }
            },
            "city": "Glasgow",
            "country": "United Kingdom",
            "id": "57a98d98e4b00679b4a830b0",
            "number": "246",
            "postcode": "G67 3DL",
            "street": "Whitelees Road"
           }
          ]
         }
        },
        "schema": {
         "properties": {
          "_embedded": {
           "properties": {
            "address": {
             "items": {
              "properties": {
               "_links": {
                "properties": {
                 "address": {
                  "properties": {
                   "href": {
                    "type": "string"
                   }
                  },
                  "required": [
                   "href"
                  ],
                  "type": "object"
                 },
                 "self": {
                  "properties": {
                   "href": {
                    "type": "string"
                   }
                  },
                  "required": [
                   "href"
                  ],
                  "type": "object"
                 }
                },
                "required": [
                 "address",
                 "self"
                ],
                "type": "object"
               },
               "city": {
                "type": "string"
               },
               "country": {
                "type": "string"
               },
               "id": {
                "type": "string"
               },
               "number": {
                "type": "string"
               },
               "postcode": {
                "type": "string"
               },
               "street": {
                "type": "string"
               }
              },
              "required": [
               "_links",
               "city",
               "country",
               "id",
               "number",
               "postcode",
               "street"
              ],
              "type": "object"
             },
             "type": "array"
            }
           },
           "required": [
            "address"
           ],
           "type": "object"
          }
         },
         "required": [
          "_embedded"
         ],
         "type": "object"
        }
       }
      },
      "description": "OK"
     }
    },
    "summary": "Seen 38 requests",
    "tags": [
     "customers"
    ]
   },
   "parameters": [
    {
     "in": "path",
     "name": "customerId",
     "required": true,
     "schema": {
      "enum": [
       "57a98d98e4b00679b4a830b2"
      ],
      "type": "string"
     },
     "style": "simple"
    }
   ]
  },
  "/customers/{customerId}/cards": {
   "get": {
    "operationId": "9edda931-160b-4557-8b80-f7c35579ce15",
    "parameters": [],
    "responses": {
     "200": {
      "content": {
       "application/json": {
        "example": {
         "_embedded": {
          "card": [
           {
            "_links": {
             "card": {
              "href": "http://user/cards/57a98d98e4b00679b4a830b1"
             },
             "self": {
              "href": "http://user/cards/57a98d98e4b00679b4a830b1"
             }
            },
            "ccv": "958",
            "expires": "08/19",
            "id": "57a98d98e4b00679b4a830b1",
            "longNum": "5544154011345918"
           }
          ]
         }
        },
        "schema": {
         "properties": {
          "_embedded": {
           "properties": {
            "card": {
             "items": {
              "properties": {
               "_links": {
                "properties": {
                 "card": {
                  "properties": {
                   "href": {
                    "type": "string"
                   }
                  },
                  "required": [
                   "href"
                  ],
                  "type": "object"
                 },
                 "self": {
                  "properties": {
                   "href": {
                    "type": "string"
                   }
                  },
                  "required": [
                   "href"
                  ],
                  "type": "object"
                 }
                },
                "required": [
                 "card",
                 "self"
                ],
                "type": "object"
               },
               "ccv": {
                "type": "string"
               },
               "expires": {
                "type": "string"
               },
               "id": {
                "type": "string"
               },
               "longNum": {
                "type": "string"
               }
              },
              "required": [
               "_links",
               "ccv",
               "expires",
               "id",
               "longNum"
              ],
              "type": "object"
             },
             "type": "array"
            }
           },
           "required": [
            "card"
           ],
           "type": "object"
          }
         },
         "required": [
          "_embedded"
         ],
         "type": "object"
        }
       }
      },
      "description": "OK"
     }
    },
    "summary": "Seen 41 requests",
    "tags": [
     "customers"
    ]
   },
   "parameters": [
    {
     "in": "path",
     "name": "customerId",
     "required": true,
     "schema": {
      "enum": [
       "57a98d98e4b00679b4a830b2"
      ],
      "type": "string"
     },
     "style": "simple"
    }
   ]
  },
  "/login": {
   "get": {
    "operationId": "a4bec7a3-a433-4064-841d-e971f34bbbd5",
    "parameters": [],
    "responses": {
     "200": {
      "content": {
       "application/json": {
        "example": {
         "user": {
          "_links": {
           "addresses": {
            "href": "http://user/customers/57a98d98e4b00679b4a830b2/addresses"
           },
           "cards": {
            "href": "http://user/customers/57a98d98e4b00679b4a830b2/cards"
           },
           "customer": {
            "href": "http://user/customers/57a98d98e4b00679b4a830b2"
           },
           "self": {
            "href": "http://user/customers/57a98d98e4b00679b4a830b2"
           }
          },
          "firstName": "User",
          "id": "57a98d98e4b00679b4a830b2",
          "lastName": "Name",
          "username": "user"
         }
        },
        "schema": {
         "properties": {
          "user": {
           "properties": {
            "_links": {
             "properties": {
              "addresses": {
               "properties": {
                "href": {
                 "type": "string"
                }
               },
               "required": [
                "href"
               ],
               "type": "object"
              },
              "cards": {
               "properties": {
                "href": {
                 "type": "string"
                }
               },
               "required": [
                "href"
               ],
               "type": "object"
              },
              "customer": {
               "properties": {
                "href": {
                 "type": "string"
                }
               },
               "required": [
                "href"
               ],
               "type": "object"
              },
              "self": {
               "properties": {
                "href": {
                 "type": "string"
                }
               },
               "required": [
                "href"
               ],
               "type": "object"
              }
             },
             "required": [
              "addresses",
              "cards",
              "customer",
              "self"
             ],
             "type": "object"
            },
            "firstName": {
             "type": "string"
            },
            "id": {
             "type": "string"
            },
            "lastName": {
             "type": "string"
            },
            "username": {
             "type": "string"
            }
           },
           "required": [
            "_links",
            "firstName",
            "id",
            "lastName",
            "username"
           ],
           "type": "object"
          }
         },
         "required": [
          "user"
         ],
         "type": "object"
        }
       }
      },
      "description": "OK"
     }
    },
    "summary": "Seen 189 requests"
   },
   "parameters": []
  }
 },
 "tags": [
  {
   "name": "addresses"
  },
  {
   "name": "customers"
  }
 ]
}