{
 "customerId": "57a98d98e4b00679b4a830b2",
 "customer": {
  "firstName": "User",
  "lastName": "Name",
  "username": "user",
  "addresses": [],
  "cards": []
 },
 "address": {
  "number": "246",
  "street": "Whitelees Road",
  "city": "Glasgow",
  "postcode": "G67 3DL",
  "country": "United Kingdom"
 },
 "card": {
  "longNum": "5544154011345918",
  "expires": "08/19",
  "ccv": "958"
 },
 "items": [],
 "shipment": {
  "name": "57a98d98e4b00679b4a830b2"
 },
 "date": "2021-04-26T16:49:53.379+0000",
 "total": 4.99,
 "_links": {
  "self": {
   "href": "http://orders/orders/6086ef31005c8e00071a97b2"
  },
  "order": {
   "href": "http://orders/orders/6086ef31005c8e00071a97b2"
  }
 }
}