{
 "id": "6086efc1005c8e00071a97b3",
 "customerId": "57a98d98e4b00679b4a830b2",
 "customer": {
  "id": null,
  "firstName": "User",
  "lastName": "Name",
  "username": "user",
  "addresses": [],
  "cards": []
 },
 "address": {
  "id": null,
  "number": "246",
  "street": "Whitelees Road",
  "city": "Glasgow",
  "postcode": "G67 3DL",
  "country": "United Kingdom"
 },
 "card": {
  "id": null,
  "longNum": "5544154011345918",
  "expires": "08/19",
  "ccv": "958"
 },
 "items": [
  {
   "id": "6086ef9b7d560d0007416a48",
   "itemId": "3395a43e-2d88-40de-b95f-e00e1502085b",
   "quantity": 1,
   "unitPrice": 18.0
  }
 ],
 "shipment": {
  "id": "e88b7962-29be-4204-89e6-8214deae5695",
  "name": "57a98d98e4b00679b4a830b2"
 },
 "date": "2021-04-26T16:52:17.364+0000",
 "total": 22.99
}