[
 {
  "id": "03fef6ac-1896-4ce8-bd69-b798f85c6e0b",
  "name": "Holy",
  "description": "Socks fit for a Messiah. You too can experience walking in water with these special edition beauties. Each hole is lovingly proggled to leave smooth edges. The only sock approved by a higher power.",
  "imageUrl": [
   "/catalogue/images/holy_1.jpeg",
   "/catalogue/images/holy_2.jpeg"
  ],
  "price": 99.99,
  "count": {{random.int 1 820}},
  "tag": [
   "magic",
   "action"
  ]
 },
 {
  "id": "3395a43e-2d88-40de-b95f-e00e1502085b",
  "name": "Colourful",
  "description": "proident occaecat irure et excepteur labore minim nisi amet irure",
  "imageUrl": [
   "/catalogue/images/colourful_socks.jpg",
   "/catalogue/images/colourful_socks.jpg"
  ],
  "price": 18,
  "count": {{random.int 1 820}},
  "tag": [
   "blue",
   "brown"
  ]
 },
 {
  "id": "510a0d7e-8e83-4193-b483-e27e09ddc34d",
  "name": "SuperSport XL",
  "description": "Ready for action. Engineers: be ready to smash that next bug! Be ready, with these super-action-sport-masterpieces. This particular engineer was chased away from the office with a stick.",
  "imageUrl": [
   "/catalogue/images/puma_1.jpeg",
   "/catalogue/images/puma_2.jpeg"
  ],
  "price": 15,
  "count": {{random.int 1 820}},
  "tag": [
   "black",
   "sport",
   "formal"
  ]
 },
 {
  "id": "808a2de1-1aaa-4c25-a9b9-6612e8f29a38",
  "name": "Crossed",
  "description": "A mature sock, crossed, with an air of nonchalance.",
  "imageUrl": [
   "/catalogue/images/cross_1.jpeg",
   "/catalogue/images/cross_2.jpeg"
  ],
  "price": 17.32,
  "count": {{random.int 1 820}},
  "tag": [
   "red",
   "formal",
   "blue",
   "action"
  ]
 },
 {
  "id": "819e1fbf-8b7e-4f6d-811f-693534916a8b",
  "name": "Figueroa",
  "description": "enim officia aliqua excepteur esse deserunt quis aliquip nostrud anim",
  "imageUrl": [
   "/catalogue/images/WAT.jpg",
   "/catalogue/images/WAT2.jpg"
  ],
  "price": 14,
  "count": {{random.int 1 820}},
  "tag": [
   "formal",
   "blue",
   "green"
  ]
 },
 {
  "id": "837ab141-399e-4c1f-9abc-bace40296bac",
  "name": "Cat socks",
  "description": "consequat amet cupidatat minim laborum tempor elit ex consequat in",
  "imageUrl": [
   "/catalogue/images/catsocks.jpg",
   "/catalogue/images/catsocks2.jpg"
  ],
  "price": 15,
  "count": {{random.int 1 820}},
  "tag": [
   "green",
   "brown",
   "formal"
  ]
 },
 {
  "id": "a0a4f044-b040-410d-8ead-4de0446aec7e",
  "name": "Nerd leg",
  "description": "For all those leg lovers out there. A perfect example of a swivel chair trained calf. Meticulously trained on a diet of sitting and Pina Coladas. Phwarr...",
  "imageUrl": [
   "/catalogue/images/bit_of_leg_1.jpeg",
   "/catalogue/images/bit_of_leg_2.jpeg"
  ],
  "price": 7.99,
  "count": {{random.int 1 820}},
  "tag": [
   "skin",
   "blue"
  ]
 },
 {
  "id": "d3588630-ad8e-49df-bbd7-3167f7efb246",
  "name": "YouTube.sock",
  "description": "We were not paid to sell this sock. It's just a bit geeky.",
  "imageUrl": [
   "/catalogue/images/youtube_1.jpeg",
   "/catalogue/images/youtube_2.jpeg"
  ],
  "price": 10.99,
  "count": {{random.int 1 820}},
  "tag": [
   "geek",
   "formal"
  ]
 },
 {
  "id": "zzz4f044-b040-410d-8ead-4de0446aec7e",
  "name": "Classic",
  "description": "Keep it simple.",
  "imageUrl": [
   "/catalogue/images/classic.jpg",
   "/catalogue/images/classic2.jpg"
  ],
  "price": 12,
  "count": {{random.int 1 820}},
  "tag": [
   "green",
   "brown"
  ]
 }
]